"","ID","errors","treatment"
"1","6058b60fff48cb32ebd95e99",7,"errors1"
"2","60ff2ae3af70df62d3408644",0,"errors1"
"3","55d5b307cfc2f400054583d1",0,"errors1"
"4","5d8c46cc53b833001a4bf916",4,"errors1"
"5","61109d5c89a3192534ae2e65",0,"errors1"
"6","614d2d7401f5e91254949ebf",2,"errors1"
"7","6081dada045150a0244f6534",0,"errors1"
"8","6112dba8e2eb90519a46e6cf",8,"errors1"
"9","60b8e0ed0524f574caac62ce",2,"errors1"
"10","62782e213f848ecda91a275a",6,"errors1"
"11","59014ee029f42300013cc5b7",5,"errors1"
"12","60a17df4d93b81310ff230a5",0,"errors1"
"13","5bc151ece6491a00013a21f3",4,"errors1"
"14","61006f3c396dd596eb7c555e",5,"errors1"
"15","5f7adf44d2ddfa74d5019c3d",3,"errors1"
"16","5aa2ac74873cda00010d4bd2",4,"errors1"
"17","5a28bf2b8766a40001900b24",2,"errors1"
"18","5ad0f1934d061300011b0a4d",1,"errors1"
"19","561c4dc1811d220005f31d9b",0,"errors1"
"20","60fd60e7587e4f2e860338b4",9,"errors1"
"21","5d649652adc4e8001a2d258d",5,"errors1"
"22","60461ebcb6a36e04513f1ee9",1,"errors1"
"23","611391cf9c88ab6888baa6c2",0,"errors1"
"24","5c8ec999bb6a3c00014acf5f",2,"errors1"
"25","5d86c00ef6b20e0015e20b0c",0,"errors1"
"26","60928b55a027ee7893ed76e5",0,"errors1"
"27","5d3c88c00e510a00013df5f1",6,"errors1"
"28","568e7144e3ef9e000da20149",4,"errors1"
"29","5eb074c7e612c1129942044c",8,"errors1"
"30","5f7058deeb83ab60bb836eae",3,"errors1"
"31","627e807715abf2361938fd68",3,"errors1"
"32","5e445469951000017c34358e",11,"errors1"
"33","5bbc0004ac45e6000131d380",3,"errors1"
"34","59306fc35f170a00014358da",12,"errors1"
"35","55a43278fdf99b02ff6caf89",1,"errors1"
"36","61047937db4de7f14948ef08",1,"errors1"
"37","5e3e54f69e51f80b67c1cc06",6,"errors1"
"38","5f35742998f31a13a1582100",4,"errors1"
"39","6077a808b8d8534a901e5d78",4,"errors1"
"40","614fa2d8176b0317b451cd0f",1,"errors1"
"41","6138f7e0ad42e592ca5f2024",5,"errors1"
"42","60fdc934e81b93f92f561d76",3,"errors1"
"43","6137da4ec348d1070e20fd85",1,"errors1"
"44","6132cc931d18eb3ce734accf",0,"errors1"
"45","5a0071766e1ea9000124db35",5,"errors1"
"46","5c7c3c7b896a0b00171c2302",5,"errors1"
"47","5ec4b10f7e31c83a4d915cf6",10,"errors1"
"48","5f4c8469ad5ee688eff8cb4b",0,"errors1"
"49","5a78dbb9ae9a0b0001a97212",1,"errors1"
"50","5fd6b6fbbf40a261f6bc3056",0,"errors1"
"51","5920b1f62b529b00013f3214",1,"errors1"
"52","5c376ea0eecc440001c58889",5,"errors1"
"53","6123ffd66668fe39928e28b0",1,"errors1"
"54","5bf735882dd20c0001317fca",0,"errors1"
"55","5e9f70a9eec34b1108c84413",4,"errors1"
"56","5e574010f269721002764a53",1,"errors1"
"57","5eacb9950c7a9532645a3dca",2,"errors1"
"58","600fa796b9d3f71a82758e29",4,"errors1"
"59","5b5a822e1ad8270001c4f28d",6,"errors1"
"60","5c55b95b91c0ad0001cf86ab",0,"errors1"
"61","5f525cd7d4ac644f3330116c",0,"errors1"
"62","5b6c72f29dc5550001f8a514",1,"errors1"
"63","614c86f68018ec28d1550e76",1,"errors1"
"64","5dd733ca946f7c6e031bb8a3",9,"errors1"
"65","5ddd1dd2b48da3c63a3ccdbb",11,"errors1"
"66","588908498fd7f00001d735f8",0,"errors1"
"67","5e84bd7c34d5d9072128fac1",2,"errors1"
"68","5fa4f94e535f3b1aa628e0ab",0,"errors1"
"69","57a48845eeaf6d00018d62d7",9,"errors1"
"70","5facc4201f33582f15dcf9bf",4,"errors1"
"71","60fdba29b052ac0601a52873",2,"errors1"
"72","6088b3cf23219414fe76b733",4,"errors1"
"73","5dc88a6643755e5f227e0488",0,"errors1"
"74","60802a95c01e5c25daf8dd85",5,"errors1"
"75","6079fd1b7a4fba956ebbffe7",1,"errors1"
"76","5d953133a3dc06001b78935b",0,"errors1"
"77","610080abe16d6878da9cea01",5,"errors1"
"78","610079904dbc454e2e98de9f",3,"errors1"
"79","5ae59f8cc3c3ab00018f7185",2,"errors1"
"80","5d58cb946c04b200161ecf9b",2,"errors1"
"81","5a198755f2e3460001edc5c9",4,"errors1"
"82","611a1b05104423c73d386b55",3,"errors1"
"83","60fdea4987e386fb2738b8b5",0,"errors1"
"84","610b5d5320ea67cf50ec0445",3,"errors1"
"85","5f9df5f72aca47392dc49b65",5,"errors1"
"86","5b066e00f58f8400018b0906",1,"errors1"
"87","60fa3bc910b0638576512002",10,"errors1"
"88","5e0f443e8205266652153f5e",0,"errors1"
"89","60c3d124a3f6a934bbbb3292",1,"errors1"
"90","5f4dbfdf75b52598a859b99d",0,"errors1"
"91","5c2f7a01c5b00a0001f3e52f",7,"errors1"
"92","61112f7418ea8ffb1deb420d",0,"errors1"
"93","617372f2d708eb69eccac9bf",0,"errors1"
"94","60fce156003127285462a3bb",2,"errors1"
"95","5ec48cc2daeeba37663f880b",1,"errors2"
"96","5622e62bed6e5a0011c807b3",6,"errors2"
"97","55fc2b4377f33b000ecb21ed",3,"errors2"
"98","5feff5d30ad48b39d17b9c25",0,"errors2"
"99","60fe2112b2f9cd4687d2a724",5,"errors2"
"100","602348484d326a1c5aa80bb7",0,"errors2"
"101","5596a991fdf99b2d1e834690",11,"errors2"
"102","628409abe8772d1f138b7f14",1,"errors2"
"103","548491acfdf99b0379939cc0",4,"errors2"
"104","6283dfc2f6449b4dea57a4e5",5,"errors2"
"105","6073ad2cd288215f64f51efa",6,"errors2"
"106","5a282206b279aa0001b0e002",6,"errors2"
"107","60fd8dc2b12af8c3af8091eb",12,"errors2"
"108","5ed6b2dd7478e0122030e7ff",0,"errors2"
"109","610c736500a4b33398fef94f",3,"errors2"
"110","569ac88daf9ad70006640a66",5,"errors2"
"111","5e2f3319ffa094504e1042e7",1,"errors2"
"112","60b8769b4710e0d70ab94a48",0,"errors2"
"113","5cd3ff1ac99584000199dd15",0,"errors2"
"114","60fcf110d2d4a115c136cb90",1,"errors2"
"115","5e5293866f83902a1858dc08",6,"errors2"
"116","5b5b6c11f5bc590001177815",9,"errors2"
"117","5dce29700ad506063969a4a5",6,"errors2"
"118","610dd13eede9c565243194ea",14,"errors2"
"119","611fd019514179e85e80a7ee",3,"errors2"
"120","5a4f6c4b5f741700018a79a8",4,"errors2"
"121","5c57c06ed05b82000139682e",1,"errors2"
"122","60dca5d351d99ef73b2f8994",4,"errors2"
"123","5d45c2d1da9cb60015aa4312",7,"errors2"
"124","5c7d59f5d454af00160e34d2",2,"errors2"
"125","5fa012c9da74d501089f07c6",7,"errors2"
"126","5d4bed118cbe900016c1f6d0",9,"errors2"
"127","5d8108c0a6d2bf001afdb2d9",2,"errors2"
"128","60ff2c3d915d23318b73ae8d",4,"errors2"
"129","60b7f09a4462d1d1aa6bbcf6",0,"errors2"
"130","5b5a51302b05780001a8ae0b",0,"errors2"
"131","581e0aee4182b600017307ea",2,"errors2"
"132","5b18248744127b00013f90ce",0,"errors2"
"133","5eda8f3cf96cc50eea5c251c",6,"errors2"
"134","5e9bfb45027332115ce9a9d3",2,"errors2"
"135","5ed88b61ff2fef399ca66d92",1,"errors2"
"136","5f887e3ad49914010f5bac68",4,"errors2"
"137","60fcbe2b7b4649ea3cec1ab3",7,"errors2"
"138","5f1629ac3136a0181091b4c8",5,"errors2"
"139","5d196c86a1dc4b0019464cfe",1,"errors2"
"140","5c61a77464fd2100010e09f7",0,"errors2"
"141","58dc1373463f960001ba45b3",0,"errors2"
"142","5737620867421f000d181393",4,"errors2"
"143","61007966aff8c0392da61a00",1,"errors2"
"144","5f5561166d9ce792e07134e2",1,"errors2"
"145","60d731567049e5132e3cc4d4",1,"errors2"
"146","6271788bebdbbf4d9250842e",1,"errors2"
"147","5d6853f06d9a2d001a8d2273",1,"errors2"
"148","6100b594fe44bfaacf99b902",6,"errors2"
"149","5e45ebd018bf820d2cb9ebab",1,"errors2"
"150","5a94579a89de8200013ec36e",1,"errors2"
"151","5f6fd71189a12b5a36b86cc1",8,"errors2"
"152","6103975ca7d27831aba29dfb",5,"errors2"
"153","5b48f2d0ff7497000125165e",4,"errors2"
"154","6171a7253f053b06b29642f2",7,"errors2"
"155","61415e4e227ff90384f081c6",7,"errors2"
"156","614ca7f8fc7cba1b74101bfe",1,"errors2"
"157","61107313f8a8c5d8adc23703",11,"errors2"
"158","5c19fd69e567460001839e98",10,"errors2"
"159","5a6b7f02e6cc4a0001b6a591",0,"errors2"
"160","60e609d8068d35355d10ac61",0,"errors2"
"161","5ed2f70cae98302901c31d4f",6,"errors2"
"162","5f51667a8dff8f39dba7df7f",0,"errors2"
"163","5a35ecbf57d4450001236fd3",1,"errors2"
"164","5ef9f528c7ae587afa25fe9b",0,"errors2"
"165","5d1b8b02e24a990019f32501",4,"errors2"
"166","5d96eeed1998fb00177f6b71",4,"errors2"
"167","5f5588d8f313fc95927e288b",0,"errors2"
"168","622a5d3bbefce4aad4fd640a",1,"errors2"
"169","57a761c22fc0d400012c9656",4,"errors2"
"170","61fa947a5719bc09cb834f5b",1,"errors2"
"171","5ae2641f5cd05500015ece71",4,"errors2"
"172","5f40442792000717762de583",0,"errors2"
"173","608ecc26e4c76e93f4e1afe3",7,"errors2"
"174","5a9b7272f05361000171feef",12,"errors2"
"175","5c872cded9fe700001024123",11,"errors2"
"176","5de83f3b3aa615000a41f831",4,"errors2"
"177","5df416a57bf5722f9a501255",4,"errors2"
"178","572036a1fd3a5200093c126b",1,"errors2"
"179","613aad30bcfed65155a026ec",5,"errors2"
"180","611323bebc984e2d39dc8958",5,"errors2"
"181","5a08c9a7f2e3460001edb063",2,"errors2"
"182","5f5bcd84009333376363c9aa",0,"errors2"
"183","5f73f37ed13ce303cc14ae35",5,"errors2"
"184","614f2d5a2e23379febd50141",6,"errors2"
"185","5de8312c9a9da57b0d318bc4",0,"errors2"
"186","587674406e2f8d00015c6148",0,"errors2"
"187","60fcdd362d1a5e0d012b91f0",4,"errors2"
"188","5de8689fa63c7b7e1d62be9b",11,"errors2"
"189","9981283",6,"errors_students"
"190","3699899",0,"errors_students"
"191","6979850",5,"errors_students"
"192","3992856",8,"errors_students"
"193","5491642",5,"errors_students"
"194","8435836",1,"errors_students"
"195","8319170",3,"errors_students"
"196","9734575",11,"errors_students"
"197","9916065",0,"errors_students"
"198","6035364",2,"errors_students"
"199","9693557",1,"errors_students"
"200","7054968",0,"errors_students"
"201","9412354",1,"errors_students"
"202","5138615",2,"errors_students"
"203","8395626",14,"errors_students"
"204","4763611",2,"errors_students"
"205","9622531",3,"errors_students"
"206","8394827",1,"errors_students"
"207","3061652",14,"errors_students"
"208","3002961",6,"errors_students"
"209","8675092",0,"errors_students"
"210","7031636",3,"errors_students"
"211","9720269",1,"errors_students"
"212","6777171",4,"errors_students"
"213","8268617",0,"errors_students"
"214","5916945",1,"errors_students"
"215","4869046",14,"errors_students"
"216","7124605",1,"errors_students"
"217","8796187",6,"errors_students"
"218","9560574",0,"errors_students"
"219","3216892",10,"errors_students"
"220","6228068",7,"errors_students"
"221","7408164",2,"errors_students"
"222","3576782",0,"errors_students"
"223","5150494",3,"errors_students"
"224","9796384",0,"errors_students"
"225","7045032",12,"errors_students"
"226","8935603",6,"errors_students"
"227","3870474",8,"errors_students"
"228","3646452",0,"errors_students"
"229","5880190",0,"errors_students"
"230","5324504",7,"errors_students"
"231","3977352",8,"errors_students"
"232","7154560",8,"errors_students"
"233","5259585",4,"errors_students"
"234","5185210",0,"errors_students"
"235","7205792",0,"errors_students"
"236","3565561",0,"errors_students"
"237","7519879",3,"errors_students"
"238","3123098",0,"errors_students"
"239","6210694",0,"errors_students"
"240","9408964",0,"errors_students"
"241","5128913",1,"errors_students"
"242","6861066",4,"errors_students"
"243","9889528",1,"errors_students"
"244","9471699",0,"errors_students"
"245","5299219",2,"errors_students"
"246","8433567",1,"errors_students"
"247","9754011",1,"errors_students"
"248","4240388",14,"errors_students"
"249","5968482",1,"errors_students"
"250","7442320",0,"errors_students"
"251","5022322",0,"errors_students"
"252","5521653",2,"errors_students"
"253","9311663",4,"errors_students"
"254","3073947",8,"errors_students"
"255","7368178",12,"errors_students"
"256","5111729",2,"errors_students"
"257","6222194",29,"errors_students"
"258","5255005",19,"errors_students"
"259","5484043",15,"errors_students"
"260","8045882",15,"errors_students"
"261","5717582",7,"errors_students"
"262","6704704",1,"errors_students"
"263","6682983",8,"errors_students"
"264","9941543",2,"errors_students"
"265","6973713",11,"errors_students"
"266","3205697",1,"errors_students"
"267","8522922",3,"errors_students"
"268","6964472",1,"errors_students"
"269","9590407",2,"errors_students"
"270","9705161",0,"errors_students"
"271","9472523",7,"errors_students"
"272","7437726",3,"errors_students"
"273","8234585",3,"errors_students"
"274","4591517",1,"errors_students"
"275","575331-4",11,"errors_students"
"276","322284-1",7,"errors_students"
"277","6773881",0,"errors_students"
"278","8278012",0,"errors_students"
"279","9512146",8,"errors_students"
"280","4557682",2,"errors_students"
"281","7747603",2,"errors_students"
"282","9702184",3,"errors_students"
"283","7070600",17,"errors_students"
"284","3811528",8,"errors_students"
"285","4588133",0,"errors_students"
"286","7214703",0,"errors_students"
"287","9812009",4,"errors_students"
"288","3785433",6,"errors_students"
"289","3534211",0,"errors_students"
"290","3600640",1,"errors_students"
"291","6991392",2,"errors_students"
"292","3948031",5,"errors_students"
"293","5927330",7,"errors_students"
"294","3125077",0,"errors_students"
"295","8888877",5,"errors_students"
"296","5996004",0,"errors_students"
"297","3231248",6,"errors_students"
"298","6030662",3,"errors_students"
"299","4300208",0,"errors_students"
"300","8901084",1,"errors_students"
"301","4367538",1,"errors_students"
"302","5f4e7311fe19f004679bd5c0",6,"errors_mpl"
"303","61006b0f1f3bfddb6b4c5d55",4,"errors_mpl"
"304","590d0c9c1211f9000142af16",9,"errors_mpl"
"305","63e548d24319702eba4fc949",0,"errors_mpl"
"306","61071a16a16c59f3d4cdb312",0,"errors_mpl"
"307","56435b83942576000a66eb5d",4,"errors_mpl"
"308","614ee4370d85f20de1b9548f",12,"errors_mpl"
"309","63f793ffba7e890a6efd936e",0,"errors_mpl"
"310","5c5db893b40f3800011084b4",0,"errors_mpl"
"311","5c52016a3146f80001d47b26",0,"errors_mpl"
"312","63ec351e54d94aea80599640",7,"errors_mpl"
"313","5d2f3becd8c144000187438c",5,"errors_mpl"
"314","5ecc6fb87c7c7646490f3cf8",0,"errors_mpl"
"315","57af9cdda169b50001a434e3",4,"errors_mpl"
"316","6138c06bd7d7f2b7720e7a27",11,"errors_mpl"
"317","62e12fbfcfefe85c35468bff",0,"errors_mpl"
"318","5dd3f4045686c13de81c0b20",0,"errors_mpl"
"319","5a0efb83ab721b0001ef8509",4,"errors_mpl"
"320","632e9aa62793c18a857aece4",4,"errors_mpl"
"321","62b46cafda63e83d14eb4ec5",8,"errors_mpl"
"322","5e772838f7b5de2892c7ddf3",6,"errors_mpl"
"323","5e2c9026f4a3052be159c494",0,"errors_mpl"
"324","5ca6daaed928190016013365",2,"errors_mpl"
"325","62bc3401dc67c7598dbba4a6",1,"errors_mpl"
"326","5f3847dff97940117558fe41",1,"errors_mpl"
"327","5e64ef1a247a9d2561f47509",5,"errors_mpl"
"328","60ddc7abdf6661b9c294691f",11,"errors_mpl"
"329","581bd344930a280001062c90",2,"errors_mpl"
"330","63f82e311d2a2c2002be81f4",1,"errors_mpl"
"331","63d7d4e2ebf6c98c92c2a7f8",8,"errors_mpl"
"332","580145ebf35f130001c36157",3,"errors_mpl"
"333","62ddd61a0d34cd54cc24da0e",1,"errors_mpl"
"334","615081c7ccbaea1db00d8e0c",0,"errors_mpl"
"335","601b9077694f034f0092dd8f",3,"errors_mpl"
"336","5bf4afe0b8e9f800014c9c0b",1,"errors_mpl"
"337","589a46af57995d0001a8a03a",4,"errors_mpl"
"338","6172b85dcc19bffb22604f1b",7,"errors_mpl"
"339","5d548912e1c7130018e019dc",1,"errors_mpl"
"340","5f60d14a4b540f04a9473cb7",0,"errors_mpl"
"341","63d8518247f4eb60f36dd960",5,"errors_mpl"
"342","634856da5284e75ca6f56756",4,"errors_mpl"
"343","5d38f983242a6f000156bbc1",0,"errors_mpl"
"344","640efe279750dc59ba3e9fb9",7,"errors_mpl"
"345","5fb16308dc5973607fa3041c",9,"errors_mpl"
"346","5f6f44e9451a3b0836b5d32c",0,"errors_mpl"
"347","5ec67c1f9d0f0906b783865f",0,"errors_mpl"
"348","632883da1f489d46286bde88",13,"errors_mpl"
"349","60db3b18bb1cd76fd466da0a",11,"errors_mpl"
"350","611291090e626fdfde536f38",0,"errors_mpl"
"351","62c7364890b6ce8f9770a531",0,"errors_mpl"
"352","5fd7f08920e71c0f734ee097",0,"errors_mpl"
"353","5dceebbcc12884034547ae4d",2,"errors_mpl"
"354","6102c843811b2ec9d92767ad",1,"errors_mpl"
"355","5d9ae3ff9d2a700014869bcb",0,"errors_mpl"
"356","594c1e5a9160cb00011d6474",0,"errors_mpl"
"357","5ed2bb7a67d51b24b2ac4037",0,"errors_mpl"
"358","5e3040a2d1a553000cc9147b",11,"errors_mpl"
"359","62e151e072a7512b2a596883",1,"errors_mpl"
"360","6267ec348d99cc16e7beb7f7",0,"errors_mpl"
"361","639b3d670be4a9daf302f881",6,"errors_mpl"
"362","636212999d9d4a04989c95e9",11,"errors_mpl"
"363","58e558cc728bea0001bbda24",3,"errors_mpl"
"364","5d86d05f9854a60019240621",12,"errors_mpl"
"365","614e3f7def73ee04e730819e",1,"errors_mpl"
"366","60f98abd446a8ee5ed91a8cd",10,"errors_mpl"
"367","62c0ccde4bd16c7f96a2959f",2,"errors_mpl"
"368","5d2df745da13f60018d14b64",1,"errors_mpl"
"369","5ce7b20479642d00197682ea",0,"errors_mpl"
"370","6150b927614a4f154f311f9d",13,"errors_mpl"
"371","5c1a4d7d1aea120001fdd685",3,"errors_mpl"
"372","5baff18baf6e8c000116be28",0,"errors_mpl"
"373","5f5e401d77501a6b82743d56",1,"errors_mpl"
"374","6155b9c45f96867d9d9631fd",3,"errors_mpl"
"375","5becfeed4f191100013b46db",6,"errors_mpl"
"376","5f63a30a09bd340c84c6688d",5,"errors_mpl"
"377","5f2a856a87f6262b2f345c92",0,"errors_mpl"
"378","60ffa146784103f75aadb045",12,"errors_mpl"
"379","62e185484154c451882a8a3d",2,"errors_mpl"
"380","5ce158b01d1060001a810a2d",3,"errors_mpl"
"381","5ec75df0d799ae1c11a8115c",1,"errors_mpl"
"382","5aa637861eda41000136d5d2",5,"errors_mpl"
"383","614e049f538645ead4ff4d49",0,"errors_mpl"
"384","62d9e46fded6a6209a518499",0,"errors_mpl"
"385","6102d892986a0f83785e2470",0,"errors_mpl"
"386","62ab399e15b98baaf3099d60",1,"errors_mpl"
"387","5f8737c71a44ac11b9481ab8",1,"errors_mpl"
"388","6155e0bb17662cfd9293bfd5",0,"errors_mpl"
"389","6128fd492700069e594016c9",1,"errors_mpl"
"390","59ff85cb7542890001aa60f1",7,"errors_mpl"
"391","61549a2caa92d84f392000e9",6,"errors_mpl"
"392","5e7227c4e9253c1509f76f96",1,"errors_mpl"
"393","5e935de580280569a374fa97",1,"errors_mpl"
"394","614e2446523bb49af662fb62",0,"errors_mpl"
"395","5d4b265b72db9d0015e8aac6",2,"errors_mpl"
"396","5a381de00006450001bf2691",0,"errors_mpl"
"397","5dd446ab87c1fd43fbb49aa1",11,"errors_mpl"
"398","607778a26ff3de83125f50c5",5,"errors_mpl"
"399","615d051e2366aeb051acb734",3,"errors_mpl"
"400","627426f35bbef15c65add1cd",0,"errors_mpl"
"401","6172b8bcb0ca871db44b71c9",8,"errors_mpl"
"402","630386f64c5bbd56ab1c3b0f",1,"errors_mpl"
"403","5d9be88c195db300128d652a",11,"errors_mpl"
"404","63d418d4229ed6c0712ce5bb",5,"errors_mpl"
"405","592621a771d4fe00012ce948",8,"errors_mpl"
"406","5a8b3fa3b093f80001a80576",3,"errors_mpl"
"407","6245c8c532cdc22633ecbf3f",10,"errors_mpl"
"408","6294e10a4c08ea03e58e177c",0,"errors_mpl"
"409","5ba596467c0ebe0001269842",4,"errors_mpl"
"410","6038743a95e000257b4fefdd",0,"errors_mpl"
"411","5dda993086c886a06ce9108d",5,"errors_mpl"
"412","5a4bf09053a4560001ba0ebf",1,"errors_mpl"
"413","57864b074d107800016db4db",1,"errors_mpl"
"414","55bb9ae7fdf99b26d27fda01",0,"errors_mpl"
"415","5ded38c39f631c3f7601388f",2,"errors_mpl"
"416","63cfff59a184313f875f6a06",8,"errors_mpl"
"417","57f2da5c6c19420001438d19",6,"errors_mpl"
"418","632887fe29453b90ee3fb295",6,"errors_mpl"
"419","60fc2ec58ad0da367daee3c1",9,"errors_mpl"
"420","6272ab12b3d9c61d2271db8d",4,"errors_mpl"
"421","5f36cb5c5a67570e141f4ef3",7,"errors_mpl"
"422","63d7ce77f6d6c8067823d746",8,"errors_mpl"
"423","576ad50bc8a90000010d99c8",3,"errors_mpl"
"424","601373dbd735b324b32818bd",6,"errors_mpl"
"425","60fc3be8b7778559e151b9dc",0,"errors_mpl"
"426","62dc2f45630616c5920dcb75",0,"errors_mpl"
"427","6413c7853eba2b2215197ff4",10,"errors_mpl"
"428","55dbd6a850a1f7001090d7c3",6,"errors_mpl"
"429","594936ad4152bf0001bfd5cd",3,"errors_mpl"
"430","5c3b70640eaa0100018ea877",1,"errors_mpl"
"431","58ac91c38bf22a00015b91b3",2,"errors_mpl"
"432","5eaf1a2c649fd108284c2b5f",0,"errors_mpl"
"433","640163f38a6d212213af8d9d",2,"errors_mpl"
"434","5c5f8a910edbd90001e1feda",1,"errors_mpl"
"435","62a39ad98ce3882e11e54d8f",2,"errors_mpl"
"436","5e46d70ab1f1c5000d96800d",2,"errors_mpl"
"437","6101bcb1b6f73b8138d66252",2,"errors_mpl"
"438","5eac8b777b60c8129709fc10",2,"errors_mpl"
"439","5be1ac50ca095c0001b9f717",4,"errors_mpl"
"440","58fd1e751178370001dd35bb",8,"errors_mpl"
"441","5cb5f1e080ba1c0001790399",9,"errors_mpl"
"442","5de5538f8fde1c4dbc951498",1,"errors_mpl"
"443","5c0ef15265217a00014ef2bd",0,"errors_mpl"
"444","5a0d9553fe645f0001e9f852",9,"errors_mpl"
"445","5b21259ce5cd900001125a0b",3,"errors_mpl"
"446","60fd080d5476f4a77211bafb",0,"errors_mpl"
"447","615eddb82c272bfc2abe6904",3,"errors_mpl"
"448","5ec47b2d91b37736ce88f3d6",0,"errors_mpl"
"449","63ed0ea6e613f50dfb1da55c",9,"errors_mpl"
"450","623666be98139b323ce77f86",0,"errors_mpl"
"451","59c843b646f72100019067ce",9,"errors_mpl"
"452","64282ae044d37e83e83ceca5",2,"errors_mpl"
"453","622a2074fe80192aa7a0212a",3,"errors_mpl"
"454","5bf008bec5260b0001d5a317",1,"errors_mpl"
"455","63da9196c3e5201cbbf64c88",2,"errors_mpl"
"456","5c9ebf067114700016da2813",1,"errors_mpl"
"457","5f0550bf5819b18476ee8343",0,"errors_mpl"
"458","62865e3456c142785cfad2a7",0,"errors_mpl"
"459","5c40e7d99d27f00001159a65",4,"errors_mpl"
"460","5e668d33ffed4c410e662f8a",0,"errors_mpl"
"461","62c41fe598ab94de4d4f021e",9,"errors_mpl"
"462","6400df45e639d203b8518cad",7,"errors_mpl"
"463","5f032457e2b9844beff1a2ec",4,"errors_mpl"
"464","5aa806e7777df200016088c5",4,"errors_mpl"
"465","59f21fe8cc514a00011a66cf",4,"errors_mpl"
"466","60ce9fa3d9f9a088647a62ba",4,"errors_mpl"
"467","5ac440da9534ba0001c736da",3,"errors_mpl"
"468","56d1af6521cd29000b973ff2",12,"errors_mpl"
"469","60f71eb315abd11a590fda93",14,"errors_mpl"
"470","63e461c4bdc3693c05d515a1",0,"errors_mpl"
"471","5c3a764874d1c6000138ea83",0,"errors_mpl"
"472","608bfa04767191aa4d57bfd8",6,"errors_mpl"
"473","583f12f545073d0001fac52d",12,"errors_mpl"
"474","58472149000f1000010ebc53",0,"errors_mpl"
"475","59e7477e3e4b5a00016aa4d2",5,"errors_mpl"
"476","64294cae8d5cae1b2ed48562",4,"errors_mpl"
"477","5dbb9407e0a6e81863526af7",6,"errors_mpl"
"478","5a10ab0a120fb300019496f4",10,"errors_mpl"
"479","5cbb78d664170f00011d7c4f",3,"errors_mpl"
"480","6168cbfbad1cc13ba73ade6e",1,"errors_mpl"
"481","63ea5b695d3f16b10c21a530",2,"errors_mpl"
"482","62e82e36f76b2b59d23e3443",1,"errors_mpl"
"483","636159bba71cce7040de4058",7,"errors_mpl"
"484","55a9f6a1fdf99b2d81b5295f",0,"errors_mpl"
"485","63d41088860131e49a85cfac",8,"errors_mpl"
"486","56efdf27bb24eb000b8244da",2,"errors_bdm"
"487","610737f2bfe377758a006dbc",2,"errors_bdm"
"488","5a542b96e0cf3d0001260df1",2,"errors_bdm"
"489","5dd329e3270f4433de53299a",4,"errors_bdm"
"490","60ff4339f5ffb265d16b144f",2,"errors_bdm"
"491","61005c6df08e9fc8d3767e69",4,"errors_bdm"
"492","5b129b48444cef0001cad497",6,"errors_bdm"
"493","5f412b8b7e943908670840d2",8,"errors_bdm"
"494","610008383c0a128712403745",10,"errors_bdm"
"495","632339023c3bf456b2b2061d",10,"errors_bdm"
"496","5b134a12bd9c31000156d4e2",12,"errors_bdm"
"497","5c05c77f24419e0001a3094f",1,"errors_bdm"
"498","62e2b8add7bff03a91d78162",0,"errors_bdm"
"499","60ff0cdb838c0da9d40d21c5",4,"errors_bdm"
"500","6441356d5337fd4714939734",8,"errors_bdm"
"501","5f94a8e7fa8c422fc88940b0",4,"errors_bdm"
"502","60528727a8bd70153578f03a",6,"errors_bdm"
"503","5f888f1504ea37030833e9ec",7,"errors_bdm"
"504","5a188836087f2e0001eaf744",0,"errors_bdm"
"505","62c43f3dc521456f7320356f",0,"errors_bdm"
"506","602d71e6fe40c079523df438",10,"errors_bdm"
"507","6082c37809793130ca4b3f0e",6,"errors_bdm"
"508","5d69678bf4d251001c0f81f3",3,"errors_bdm"
"509","5f0f74f79ae45313d4652776",0,"errors_bdm"
"510","63a519bb6eeff2ad74314b53",3,"errors_bdm"
"511","6057821a42472b51aff4fca9",1,"errors_bdm"
"512","63feca679bb24844accb7b47",0,"errors_bdm"
"513","5485df6efdf99b416d19fe90",0,"errors_bdm"
"514","610858d216ad5a7a479e3f7c",2,"errors_bdm"
"515","5f5848bad298df3b59ffcd12",0,"errors_bdm"
"516","5b15d20c444cef0001cb1153",1,"errors_bdm"
"517","628fb4c3880a08418cedd2d2",0,"errors_bdm"
"518","6366cf2fcdf32555ba896463",0,"errors_bdm"
"519","58d2cb10f5899100018a05b8",2,"errors_bdm"
"520","614f2b16d983019aeace1fe5",0,"errors_bdm"
"521","61083d0cd5238a0405e40d81",1,"errors_bdm"
"522","600b64930251181b379091fa",1,"errors_bdm"
"523","5f1b84872171f838a8a3cfa9",0,"errors_bdm"
"524","62349f9ac56251496a619264",0,"errors_bdm"
"525","6025b6e60ac9cb1ae2b1875a",1,"errors_bdm"
"526","5d295e07d3edf9001a801625",2,"errors_bdm"
"527","62b1f567d5f22515024421f1",5,"errors_bdm"
"528","5c535974b7cf140001d308d3",7,"errors_bdm"
"529","64012dd5c39978def2518c84",13,"errors_bdm"
"530","607eafaf008af56a5a3ba462",2,"errors_bdm"
"531","62d9d8b444e16335d513c6e1",1,"errors_bdm"
"532","60fd9ffd7fb294e3f1647ea8",5,"errors_bdm"
"533","63b6dfb29118fec2d923f8c3",5,"errors_bdm"
"534","62a8f6b1a7a7e5eb492c0231",9,"errors_bdm"
"535","5f8f846ac44f8f1fb3a03873",6,"errors_bdm"
"536","6328c18273754393c988735f",3,"errors_bdm"
"537","5c4fa7058ac59200014ce7fc",3,"errors_bdm"
"538","627a7fc214142c6f228e84fb",0,"errors_bdm"
"539","60fe3f623a905f955c654cb5",0,"errors_bdm"
"540","5e7e94f6279cb0000a027185",6,"errors_bdm"
"541","634582272da179ace63ac3db",1,"errors_bdm"
"542","559ecce6fdf99b16653fb880",1,"errors_bdm"
"543","5c1b97f889f0350001726def",10,"errors_bdm"
"544","6101ef1676d38820d1002ef5",2,"errors_bdm"
"545","6436271f6ff817660ede859b",2,"errors_bdm"
"546","6304d96fa9bd6e269ae89297",0,"errors_bdm"
"547","630d941b48a1bf15ca5ade75",7,"errors_bdm"
"548","60fe3355044fe7dbcfd05176",3,"errors_bdm"
"549","5dd6a565f30aa662cba3d8de",4,"errors_bdm"
"550","60318abd5f6c24103dd02a1f",0,"errors_bdm"
"551","6105619fd55674bb2c2f0f74",7,"errors_bdm"
"552","63a305f8e366a71869e593ad",10,"errors_bdm"
"553","5bb3830499d3d900017ad3d2",2,"errors_bdm"
"554","63a1c35e816d4a160c593f04",5,"errors_bdm"
"555","574450f63fdc69000e09555d",0,"errors_bdm"
"556","60e9c78a617cbabf4732fee6",1,"errors_bdm"
"557","615239af65358edf57e7a095",10,"errors_bdm"
"558","5e6a285eb7c24208ef1b9569",8,"errors_bdm"
"559","5ba259603bf2350001a54284",0,"errors_bdm"
"560","636291b6dac9ab5b979d172c",12,"errors_bdm"
"561","62c7b44340785bc85ce9054a",9,"errors_bdm"
"562","5e69076e64d2fb1bc091241a",4,"errors_bdm"
"563","63be2cfef5b782c28baec197",10,"errors_bdm"
"564","616f727b03e888e0f8213eec",13,"errors_bdm"
"565","63026053812fe400f2929701",0,"errors_bdm"
"566","5f067f5d65bf871ea04329ed",3,"errors_bdm"
"567","63fbe246ebac23314dda213f",2,"errors_bdm"
"568","63cd760c18f08aa16c2c8a8a",11,"errors_bdm"
"569","5a2add709408dc00016f57d3",5,"errors_bdm"
"570","5ff37fcafef4d1958f4ac4a3",2,"errors_bdm"
"571","6272ae90bcc3709d723d1d2b",4,"errors_bdm"
"572","5d269fedf6dec40019b87a59",1,"errors_bdm"
"573","5d2df867d7cc160019673031",8,"errors_bdm"
"574","5f596abb349f1f1b834a54e5",3,"errors_bdm"
"575","55cc19c7fe3304000562562c",7,"errors_bdm"
"576","593b8bd9332be10001f4d786",1,"errors_bdm"
"577","5de7d7a6603b1b73f3944f8e",9,"errors_bdm"
"578","6413679df656829532b4429c",4,"errors_bdm"
"579","62a0b34cbcc5987a8fa73c39",0,"errors_bdm"
"580","5d8e64ab4e055600157a3d90",0,"errors_bdm"
"581","63615bb6922c170dc50b434a",11,"errors_bdm"
"582","6406d015ad2a96ceef1f86cc",0,"errors_bdm"
"583","63d7eca29f0291aff53b003e",5,"errors_bdm"
"584","5b667e3fdc84c6000173edc2",5,"errors_bdm"
"585","599de37e17c03c000151b1f2",0,"errors_bdm"
"586","5defad479db50d000d727ed1",7,"errors_4box"
"587","610ac6c64e24f33501e5d914",0,"errors_4box"
"588","5b67a13bcf223500012168e3",0,"errors_4box"
"589","610869fdc0cd6f8e3db4cb52",5,"errors_4box"
"590","6025b3681ff1521a3369dffe",4,"errors_4box"
"591","606dfa579ce4f86f0c7d3568",2,"errors_4box"
"592","57dd1a741334540001170404",5,"errors_4box"
"593","613b90589da40a5f42ad01b7",3,"errors_4box"
"594","5ed57ec8141d24118731f1bc",1,"errors_4box"
"595","60f5dc6cba19bf6145b8c921",4,"errors_4box"
"596","614ce6a7a33bac955957f7a6",6,"errors_4box"
"597","60c167bfe3b81c9d04740d04",5,"errors_4box"
"598","6108d9e45c65a1a0bc60c13c",0,"errors_4box"
"599","55a47692fdf99b126e625257",10,"errors_4box"
"600","60d38bc77bf91667dce30e64",0,"errors_4box"
"601","5e3d8ef3b9b9e3043d928529",1,"errors_4box"
"602","570fa0905edc8f000fe73c4a",0,"errors_4box"
"603","5f5803725e034735349617ee",1,"errors_4box"
"604","5db9a46ff8e3f9000f88cb85",1,"errors_4box"
"605","5886d67b3e1f290001aa7529",6,"errors_4box"
"606","616b2966d0aee4f9879a656b",3,"errors_4box"
"607","5c707357011e2900019d3707",1,"errors_4box"
"608","57d02ffb596f5d0001df741f",0,"errors_4box"
"609","5e564ce0dacee801de6ea4cb",0,"errors_4box"
"610","5f38e87099a44d40b79e5009",1,"errors_4box"
"611","5eda94f69f275211dff92234",5,"errors_4box"
"612","5feb3334d92c4a38fa296cb4",5,"errors_4box"
"613","5f330e8f72030b0fa290a172",5,"errors_4box"
"614","5c3e56b53178f800010aae08",1,"errors_4box"
"615","5d7e5e9b377dc300014335de",1,"errors_4box"
"616","57a12661913c7100019767b7",1,"errors_4box"
"617","60d018cc0f3faeaec2f7b7e5",1,"errors_4box"
"618","58d876b14240e50001190090",2,"errors_4box"
"619","5e816bdc285d3884d00d6dcb",3,"errors_4box"
"620","5e5731e3e1e8b90e25c1f3a2",7,"errors_4box"
"621","568d286ab5a2c2000cb6a91c",1,"errors_4box"
"622","596e5b7dc2e0220001c1015f",2,"errors_4box"
"623","6147a1c343f05087ff340b52",4,"errors_4box"
"624","60f1d81960d9ca3a725d65f6",1,"errors_4box"
"625","55b6ed4afdf99b437183fa6f",7,"errors_4box"
"626","615e1782e969d4939045c54f",2,"errors_4box"
"627","5d0e6b201b7ef6001a6346fc",0,"errors_4box"
"628","5f6056e9a41e0d14d4c19f4c",1,"errors_4box"
"629","613fda883d650eff1765cd31",0,"errors_4box"
"630","6100372e3a116cb5cb36ebea",0,"errors_4box"
"631","60e2577f8c52db9d1fb5ffac",0,"errors_4box"
"632","5f31b9ad9c42ef0dd178c680",4,"errors_4box"
"633","60a7b54f182e4ecb0b53874a",0,"errors_4box"
"634","5f4d68285a01eea23f58ac1d",5,"errors_4box"
"635","60c18d0606115c8eecb6091b",3,"errors_4box"
"636","5b54ce6fb7ef510001676f99",1,"errors_4box"
"637","56e5e6ef25f3bd000a40820c",3,"errors_4box"
"638","611c7e955d058e9cb73d8c2e",8,"errors_4box"
"639","60cfe3ebffa8b736150f0c0c",0,"errors_4box"
"640","60c3ba02dfcf64dbe7ae0396",1,"errors_4box"
"641","5de7d12c26dd95000b6824c5",2,"errors_4box"
"642","60c3d95ed1133cbcef7f7079",1,"errors_4box"
"643","616b42ee1dfd8c43a9697f47",0,"errors_4box"
"644","5a02083e087f2e0001eadbdb",0,"errors_4box"
"645","614ca7f8fc7cba1b74101bfe",1,"errors_4box"
"646","5ed17f22e1dc340c98fd6bc7",9,"errors_4box"
"647","600628028f2211980fd1632c",9,"errors_4box"
"648","5e9a2251a69f690b9cc31ede",5,"errors_4box"
"649","56caf7b564c068000c4d798a",3,"errors_4box"
"650","610d8fd45ccab90c42a4a6e2",3,"errors_4box"
"651","5dd37881523df036fecff14d",3,"errors_4box"
"652","5c44cf2da5487b00011d0b80",1,"errors_4box"
"653","60ce5270f1695ea416c25fc3",3,"errors_4box"
"654","5faa241191ed672f7830755d",8,"errors_4box"
"655","56ec151f388e1d000a5924d0",4,"errors_4box"
"656","5ee58dc80d29732d11277f16",3,"errors_4box"
"657","5f55b2de5c3cb118507479f5",3,"errors_4box"
"658","5df81cd72713055bdf02efd8",0,"errors_4box"
"659","5ec6d423fc10270f0bbbc90e",0,"errors_4box"
"660","616ef680ab8ca318a227f5ec",3,"errors_4box"
"661","60008e2ee4d8c913c602e0cd",7,"errors_4box"
"662","5d89a31c43734d0001b6a706",6,"errors_4box"
"663","5e837e917441520b9c662931",1,"errors_4box"
"664","6020606d7b0258677b881f63",8,"errors_4box"
"665","5ffd055afa9eac21f6e8bc6f",8,"errors_4box"
"666","5dce29700ad506063969a4a5",0,"errors_4box"
"667","5f3ac1732efa0a74f975b1a8",0,"errors_4box"
"668","601606098a88c4772f7db43c",0,"errors_4box"
"669","5d254db8bb2e30001933fe36",7,"errors_4box"
"670","5a01e188ab721b0001ef7134",0,"errors_4box"
"671","55d5e2c9db6a810006fa078b",0,"errors_4box"
"672","6140d7cdf9bc6016591c2878",1,"errors_4box"
"673","5f847dd8347e210d1acd5802",0,"errors_4box"
"674","6138c15bd47ecca8b56a704f",3,"errors_4box"
"675","558afa29fdf99b7dfdbac1c6",2,"errors_4box"
"676","55bd8669fdf99b5bfc7d4cfc",7,"errors_4box"
"677","5ba855d47c0ebe0001272f70",1,"errors_4box"
